{"formJson":{"id":126,"uuid":"86505df6-1865-42f5-a093-aa73b4fd9335","name":"Converted Patient to Bahmni","version":"14","published":true,"auditInfo":{"creator":{"uuid":"c1c21e11-3f10-11e4-adec-0800271c1b75","display":"superman","links":[{"rel":"self","uri":"http://192.168.56.13/openmrs/ws/rest/v1/user/c1c21e11-3f10-11e4-adec-0800271c1b75"}]},"dateCreated":"2022-12-06T02:27:47.000+0530","changedBy":{"uuid":"c1c21e11-3f10-11e4-adec-0800271c1b75","display":"superman","links":[{"rel":"self","uri":"http://192.168.56.13/openmrs/ws/rest/v1/user/c1c21e11-3f10-11e4-adec-0800271c1b75"}]},"dateChanged":"2022-12-06T02:28:13.000+0530"},"resources":[{"value":"{\"name\":\"Converted Patient to Bahmni\",\"id\":126,\"uuid\":\"86505df6-1865-42f5-a093-aa73b4fd9335\",\"defaultLocale\":\"en\",\"controls\":[{\"type\":\"obsControl\",\"label\":{\"translationKey\":\"DATE_OF_CONVERSION_TO_BAHMNI_1\",\"id\":\"1\",\"units\":\"\",\"type\":\"label\",\"value\":\"Date of Conversion to Bahmni\"},\"properties\":{\"mandatory\":true,\"notes\":true,\"addMore\":false,\"hideLabel\":false,\"controlEvent\":false,\"location\":{\"column\":0,\"row\":0},\"allowFutureDates\":false},\"id\":\"1\",\"concept\":{\"name\":\"Date of Conversion to Bahmni\",\"uuid\":\"f2279180-8217-427e-8399-08bd9e77446f\",\"datatype\":\"Date\",\"conceptClass\":\"Misc\",\"conceptHandler\":null,\"answers\":[],\"properties\":{\"allowDecimal\":null}},\"units\":null,\"hiNormal\":null,\"lowNormal\":null,\"hiAbsolute\":null,\"lowAbsolute\":null},{\"type\":\"obsControl\",\"label\":{\"translationKey\":\"PATIENT_NAME_2\",\"id\":\"2\",\"units\":\"\",\"type\":\"label\",\"value\":\"Patient Name\"},\"properties\":{\"mandatory\":true,\"notes\":false,\"addMore\":false,\"hideLabel\":false,\"controlEvent\":false,\"location\":{\"column\":0,\"row\":1}},\"id\":\"2\",\"concept\":{\"name\":\"Patient Name\",\"uuid\":\"17923fee-a788-408a-96a4-77aa7c005f93\",\"datatype\":\"Text\",\"conceptClass\":\"Misc\",\"conceptHandler\":null,\"answers\":[],\"properties\":{\"allowDecimal\":null}},\"units\":null,\"hiNormal\":null,\"lowNormal\":null,\"hiAbsolute\":null,\"lowAbsolute\":null},{\"type\":\"obsControl\",\"label\":{\"translationKey\":\"PATIENT_ID_FROM_OLD_SYSTEM_25\",\"id\":\"25\",\"units\":\"\",\"type\":\"label\",\"value\":\"Patient ID from old system\"},\"properties\":{\"mandatory\":true,\"notes\":true,\"addMore\":false,\"hideLabel\":false,\"controlEvent\":false,\"location\":{\"column\":0,\"row\":1},\"abnormal\":false},\"id\":\"25\",\"concept\":{\"name\":\"Patient ID from old system\",\"uuid\":\"0ea2f3f3-eab8-4d82-a1f9-f65455aa5e31\",\"datatype\":\"Numeric\",\"conceptClass\":\"Misc\",\"conceptHandler\":null,\"answers\":[],\"properties\":{\"allowDecimal\":false}},\"units\":null,\"hiNormal\":null,\"lowNormal\":null,\"hiAbsolute\":null,\"lowAbsolute\":null},{\"type\":\"obsControl\",\"label\":{\"translationKey\":\"YEKATIT_HOSPITAL_ID_-_OPD_3\",\"id\":\"3\",\"units\":\"\",\"type\":\"label\",\"value\":\"Yekatit Hospital ID - OPD\"},\"properties\":{\"mandatory\":true,\"notes\":true,\"addMore\":false,\"hideLabel\":false,\"controlEvent\":false,\"location\":{\"column\":0,\"row\":2},\"abnormal\":false},\"id\":\"3\",\"concept\":{\"name\":\"Yekatit Hospital ID - OPD\",\"uuid\":\"ea1225e7-d575-41aa-a0a7-ff7e83d78d39\",\"datatype\":\"Numeric\",\"conceptClass\":\"Misc\",\"conceptHandler\":null,\"answers\":[],\"properties\":{\"allowDecimal\":false}},\"units\":null,\"hiNormal\":null,\"lowNormal\":null,\"hiAbsolute\":null,\"lowAbsolute\":null},{\"type\":\"obsControl\",\"label\":{\"translationKey\":\"DATE_OF_ORIGINAL_PATIENT_REGISTRATION_26\",\"id\":\"26\",\"units\":\"\",\"type\":\"label\",\"value\":\"Original patient registration\"},\"properties\":{\"mandatory\":false,\"notes\":true,\"addMore\":false,\"hideLabel\":false,\"controlEvent\":false,\"location\":{\"column\":0,\"row\":3},\"allowFutureDates\":false},\"id\":\"26\",\"concept\":{\"name\":\"Date of original patient registration\",\"uuid\":\"847bae66-0f49-4c4a-b8f6-f1bd68438915\",\"datatype\":\"Date\",\"conceptClass\":\"Misc\",\"conceptHandler\":null,\"answers\":[],\"properties\":{\"allowDecimal\":null}},\"units\":null,\"hiNormal\":null,\"lowNormal\":null,\"hiAbsolute\":null,\"lowAbsolute\":null},{\"type\":\"obsControl\",\"label\":{\"translationKey\":\"DATE_OF_LAST_VISIT_TO_YEKATIT_CLEFT_CARE_5\",\"id\":\"5\",\"units\":\"\",\"type\":\"label\",\"value\":\"Most recent visit to Yekatit Cleft Care Centre\"},\"properties\":{\"mandatory\":true,\"notes\":true,\"addMore\":false,\"hideLabel\":false,\"controlEvent\":false,\"location\":{\"column\":0,\"row\":4},\"allowFutureDates\":false},\"id\":\"5\",\"concept\":{\"name\":\"Date of last visit to Yekatit cleft care\",\"uuid\":\"a14d0626-dec8-4b62-bc77-068a64718ff7\",\"datatype\":\"Date\",\"conceptClass\":\"Misc\",\"conceptHandler\":null,\"answers\":[],\"properties\":{\"allowDecimal\":null}},\"units\":null,\"hiNormal\":null,\"lowNormal\":null,\"hiAbsolute\":null,\"lowAbsolute\":null},{\"type\":\"obsControl\",\"label\":{\"translationKey\":\"CONVERTED_PATIENT_COMMENT_59\",\"id\":\"59\",\"units\":\"\",\"type\":\"label\",\"value\":\"Comment\"},\"properties\":{\"mandatory\":false,\"notes\":false,\"addMore\":false,\"hideLabel\":false,\"controlEvent\":false,\"location\":{\"column\":0,\"row\":5}},\"id\":\"59\",\"concept\":{\"name\":\"Converted Patient Comment\",\"uuid\":\"ddf10853-eca7-4c03-8744-5064c074505d\",\"datatype\":\"Text\",\"conceptClass\":\"Misc\",\"conceptHandler\":null,\"answers\":[],\"properties\":{\"allowDecimal\":null}},\"units\":null,\"hiNormal\":null,\"lowNormal\":null,\"hiAbsolute\":null,\"lowAbsolute\":null},{\"type\":\"obsGroupControl\",\"label\":{\"translationKey\":\"YEKATIT_CLEFT_CARE_VISIT_HISTORY_40\",\"type\":\"label\",\"value\":\"Yekatit Cleft Care visit history\",\"id\":\"40\"},\"properties\":{\"addMore\":false,\"location\":{\"column\":0,\"row\":7}},\"id\":\"40\",\"concept\":{\"name\":\"Yekatit Cleft Care visit history\",\"uuid\":\"2b3ad6cd-f397-4697-a51f-c7aa83461bff\",\"datatype\":\"N/A\",\"conceptClass\":\"Misc\",\"conceptHandler\":null,\"set\":true,\"setMembers\":[{\"name\":\"Nutrition Last Visit\",\"uuid\":\"f2a0d738-7f36-417b-980f-20c24fe6265d\",\"datatype\":\"N/A\",\"conceptClass\":\"ConvSet\",\"conceptHandler\":null,\"set\":true,\"setMembers\":[{\"name\":\"Nutrition date of last visit\",\"uuid\":\"103c5e33-b8ff-4781-97d3-52350f973d36\",\"datatype\":\"Date\",\"conceptClass\":\"Misc\",\"conceptHandler\":null,\"units\":null,\"hiNormal\":null,\"lowNormal\":null,\"hiAbsolute\":null,\"lowAbsolute\":null,\"answers\":[],\"properties\":{\"allowDecimal\":null}},{\"name\":\"Visit Comment\",\"uuid\":\"dda9dab3-fbb8-46e6-b65c-802bbf416c3c\",\"datatype\":\"Text\",\"conceptClass\":\"Misc\",\"conceptHandler\":null,\"units\":null,\"hiNormal\":null,\"lowNormal\":null,\"hiAbsolute\":null,\"lowAbsolute\":null,\"answers\":[],\"properties\":{\"allowDecimal\":null}}]},{\"name\":\"CP_Social Work Last Visit\",\"uuid\":\"a4ff372c-3aa4-4272-bb86-706e71a2af07\",\"datatype\":\"N/A\",\"conceptClass\":\"ConvSet\",\"conceptHandler\":null,\"set\":true,\"setMembers\":[{\"name\":\"CP_Social Work Date Last Visit\",\"uuid\":\"6d87298d-b166-4244-bda1-4ca169eb067d\",\"datatype\":\"Date\",\"conceptClass\":\"Misc\",\"conceptHandler\":null,\"units\":null,\"hiNormal\":null,\"lowNormal\":null,\"hiAbsolute\":null,\"lowAbsolute\":null,\"answers\":[],\"properties\":{\"allowDecimal\":null}},{\"name\":\"Visit Comment\",\"uuid\":\"dda9dab3-fbb8-46e6-b65c-802bbf416c3c\",\"datatype\":\"Text\",\"conceptClass\":\"Misc\",\"conceptHandler\":null,\"units\":null,\"hiNormal\":null,\"lowNormal\":null,\"hiAbsolute\":null,\"lowAbsolute\":null,\"answers\":[],\"properties\":{\"allowDecimal\":null}}]},{\"name\":\"CP_Speech Therapy Last Visit\",\"uuid\":\"e18aaa73-7564-432f-9e67-848ceaf8fa12\",\"datatype\":\"N/A\",\"conceptClass\":\"ConvSet\",\"conceptHandler\":null,\"set\":true,\"setMembers\":[{\"name\":\"CP_Speech Therapy Date of Last Visit\",\"uuid\":\"5ac22caa-975c-492c-8ed0-5cdc6fb3b09c\",\"datatype\":\"Date\",\"conceptClass\":\"Misc\",\"conceptHandler\":null,\"units\":null,\"hiNormal\":null,\"lowNormal\":null,\"hiAbsolute\":null,\"lowAbsolute\":null,\"answers\":[],\"properties\":{\"allowDecimal\":null}},{\"name\":\"Visit Comment\",\"uuid\":\"dda9dab3-fbb8-46e6-b65c-802bbf416c3c\",\"datatype\":\"Text\",\"conceptClass\":\"Misc\",\"conceptHandler\":null,\"units\":null,\"hiNormal\":null,\"lowNormal\":null,\"hiAbsolute\":null,\"lowAbsolute\":null,\"answers\":[],\"properties\":{\"allowDecimal\":null}}]},{\"name\":\"CP_Dental and Ortho Last Visit\",\"uuid\":\"96db7bbe-ada8-4679-8e1d-1493b45ac86d\",\"datatype\":\"N/A\",\"conceptClass\":\"ConvSet\",\"conceptHandler\":null,\"set\":true,\"setMembers\":[{\"name\":\"CP_Dental and Ortho Date of last visit\",\"uuid\":\"aca655f0-fcb9-4119-9cc2-88c985727460\",\"datatype\":\"Date\",\"conceptClass\":\"Misc\",\"conceptHandler\":null,\"units\":null,\"hiNormal\":null,\"lowNormal\":null,\"hiAbsolute\":null,\"lowAbsolute\":null,\"answers\":[],\"properties\":{\"allowDecimal\":null}},{\"name\":\"Visit Comment\",\"uuid\":\"dda9dab3-fbb8-46e6-b65c-802bbf416c3c\",\"datatype\":\"Text\",\"conceptClass\":\"Misc\",\"conceptHandler\":null,\"units\":null,\"hiNormal\":null,\"lowNormal\":null,\"hiAbsolute\":null,\"lowAbsolute\":null,\"answers\":[],\"properties\":{\"allowDecimal\":null}}]},{\"name\":\"CP_ENT Last Visit\",\"uuid\":\"62978bbd-9e3b-4c91-96d0-10082a11cb5c\",\"datatype\":\"N/A\",\"conceptClass\":\"ConvSet\",\"conceptHandler\":null,\"set\":true,\"setMembers\":[{\"name\":\"CP_ENT_Date of last visit\",\"uuid\":\"c39793fb-f47d-4246-9872-8ab8fba9c4da\",\"datatype\":\"Date\",\"conceptClass\":\"Misc\",\"conceptHandler\":null,\"units\":null,\"hiNormal\":null,\"lowNormal\":null,\"hiAbsolute\":null,\"lowAbsolute\":null,\"answers\":[],\"properties\":{\"allowDecimal\":null}},{\"name\":\"Visit Comment\",\"uuid\":\"dda9dab3-fbb8-46e6-b65c-802bbf416c3c\",\"datatype\":\"Text\",\"conceptClass\":\"Misc\",\"conceptHandler\":null,\"units\":null,\"hiNormal\":null,\"lowNormal\":null,\"hiAbsolute\":null,\"lowAbsolute\":null,\"answers\":[],\"properties\":{\"allowDecimal\":null}}]},{\"name\":\"CP_Surgery Last Visit\",\"uuid\":\"11e687e0-fe9e-4a88-9e81-007cf8387402\",\"datatype\":\"N/A\",\"conceptClass\":\"ConvSet\",\"conceptHandler\":null,\"set\":true,\"setMembers\":[{\"name\":\"CP_Surgery Date of Last Visit\",\"uuid\":\"2fab475b-35c4-4adc-98ee-a794f1e77db0\",\"datatype\":\"Date\",\"conceptClass\":\"Misc\",\"conceptHandler\":null,\"units\":null,\"hiNormal\":null,\"lowNormal\":null,\"hiAbsolute\":null,\"lowAbsolute\":null,\"answers\":[],\"properties\":{\"allowDecimal\":null}},{\"name\":\"Visit Comment\",\"uuid\":\"dda9dab3-fbb8-46e6-b65c-802bbf416c3c\",\"datatype\":\"Text\",\"conceptClass\":\"Misc\",\"conceptHandler\":null,\"units\":null,\"hiNormal\":null,\"lowNormal\":null,\"hiAbsolute\":null,\"lowAbsolute\":null,\"answers\":[],\"properties\":{\"allowDecimal\":null}}]}]},\"controls\":[{\"type\":\"obsGroupControl\",\"label\":{\"translationKey\":\"NUTRITION_LAST_VISIT_43\",\"type\":\"label\",\"value\":\"Nutrition Last Visit\",\"id\":\"43\"},\"properties\":{\"addMore\":false,\"location\":{\"row\":0,\"column\":0}},\"id\":\"43\",\"concept\":{\"name\":\"Nutrition Last Visit\",\"uuid\":\"f2a0d738-7f36-417b-980f-20c24fe6265d\",\"datatype\":\"N/A\",\"conceptClass\":\"ConvSet\",\"conceptHandler\":null,\"set\":true,\"setMembers\":[{\"name\":\"Nutrition date of last visit\",\"uuid\":\"103c5e33-b8ff-4781-97d3-52350f973d36\",\"datatype\":\"Date\",\"conceptClass\":\"Misc\",\"conceptHandler\":null,\"units\":null,\"hiNormal\":null,\"lowNormal\":null,\"hiAbsolute\":null,\"lowAbsolute\":null,\"answers\":[],\"properties\":{\"allowDecimal\":null}},{\"name\":\"Visit Comment\",\"uuid\":\"dda9dab3-fbb8-46e6-b65c-802bbf416c3c\",\"datatype\":\"Text\",\"conceptClass\":\"Misc\",\"conceptHandler\":null,\"units\":null,\"hiNormal\":null,\"lowNormal\":null,\"hiAbsolute\":null,\"lowAbsolute\":null,\"answers\":[],\"properties\":{\"allowDecimal\":null}}]},\"controls\":[{\"type\":\"obsControl\",\"label\":{\"translationKey\":\"NUTRITION_DATE_OF_LAST_VISIT_41\",\"id\":\"41\",\"units\":\"\",\"type\":\"label\",\"value\":\"Date of last visit\"},\"properties\":{\"mandatory\":false,\"notes\":false,\"addMore\":false,\"hideLabel\":false,\"controlEvent\":false,\"location\":{\"row\":0,\"column\":0},\"allowFutureDates\":false},\"id\":\"41\",\"concept\":{\"name\":\"Nutrition date of last visit\",\"uuid\":\"103c5e33-b8ff-4781-97d3-52350f973d36\",\"datatype\":\"Date\",\"conceptClass\":\"Misc\",\"conceptHandler\":null,\"units\":null,\"hiNormal\":null,\"lowNormal\":null,\"hiAbsolute\":null,\"lowAbsolute\":null,\"answers\":[],\"properties\":{\"allowDecimal\":null}},\"units\":null,\"hiNormal\":null,\"lowNormal\":null,\"hiAbsolute\":null,\"lowAbsolute\":null},{\"type\":\"obsControl\",\"label\":{\"translationKey\":\"VISIT_COMMENT_42\",\"id\":\"42\",\"units\":\"\",\"type\":\"label\",\"value\":\"Comment\"},\"properties\":{\"mandatory\":false,\"notes\":false,\"addMore\":false,\"hideLabel\":false,\"controlEvent\":false,\"location\":{\"row\":1,\"column\":0}},\"id\":\"42\",\"concept\":{\"name\":\"Visit Comment\",\"uuid\":\"dda9dab3-fbb8-46e6-b65c-802bbf416c3c\",\"datatype\":\"Text\",\"conceptClass\":\"Misc\",\"conceptHandler\":null,\"units\":null,\"hiNormal\":null,\"lowNormal\":null,\"hiAbsolute\":null,\"lowAbsolute\":null,\"answers\":[],\"properties\":{\"allowDecimal\":null}},\"units\":null,\"hiNormal\":null,\"lowNormal\":null,\"hiAbsolute\":null,\"lowAbsolute\":null}]},{\"type\":\"obsGroupControl\",\"label\":{\"translationKey\":\"CP_SOCIAL_WORK_LAST_VISIT_46\",\"type\":\"label\",\"value\":\"Social Work Last Visit\",\"id\":\"46\"},\"properties\":{\"addMore\":false,\"location\":{\"row\":1,\"column\":0}},\"id\":\"46\",\"concept\":{\"name\":\"CP_Social Work Last Visit\",\"uuid\":\"a4ff372c-3aa4-4272-bb86-706e71a2af07\",\"datatype\":\"N/A\",\"conceptClass\":\"ConvSet\",\"conceptHandler\":null,\"set\":true,\"setMembers\":[{\"name\":\"CP_Social Work Date Last Visit\",\"uuid\":\"6d87298d-b166-4244-bda1-4ca169eb067d\",\"datatype\":\"Date\",\"conceptClass\":\"Misc\",\"conceptHandler\":null,\"units\":null,\"hiNormal\":null,\"lowNormal\":null,\"hiAbsolute\":null,\"lowAbsolute\":null,\"answers\":[],\"properties\":{\"allowDecimal\":null}},{\"name\":\"Visit Comment\",\"uuid\":\"dda9dab3-fbb8-46e6-b65c-802bbf416c3c\",\"datatype\":\"Text\",\"conceptClass\":\"Misc\",\"conceptHandler\":null,\"units\":null,\"hiNormal\":null,\"lowNormal\":null,\"hiAbsolute\":null,\"lowAbsolute\":null,\"answers\":[],\"properties\":{\"allowDecimal\":null}}]},\"controls\":[{\"type\":\"obsControl\",\"label\":{\"translationKey\":\"CP_SOCIAL_WORK_DATE_LAST_VISIT_44\",\"id\":\"44\",\"units\":\"\",\"type\":\"label\",\"value\":\"Date of last visit\"},\"properties\":{\"mandatory\":false,\"notes\":false,\"addMore\":false,\"hideLabel\":false,\"controlEvent\":false,\"location\":{\"row\":0,\"column\":0},\"allowFutureDates\":false},\"id\":\"44\",\"concept\":{\"name\":\"CP_Social Work Date Last Visit\",\"uuid\":\"6d87298d-b166-4244-bda1-4ca169eb067d\",\"datatype\":\"Date\",\"conceptClass\":\"Misc\",\"conceptHandler\":null,\"units\":null,\"hiNormal\":null,\"lowNormal\":null,\"hiAbsolute\":null,\"lowAbsolute\":null,\"answers\":[],\"properties\":{\"allowDecimal\":null}},\"units\":null,\"hiNormal\":null,\"lowNormal\":null,\"hiAbsolute\":null,\"lowAbsolute\":null},{\"type\":\"obsControl\",\"label\":{\"translationKey\":\"VISIT_COMMENT_45\",\"id\":\"45\",\"units\":\"\",\"type\":\"label\",\"value\":\"Comment\"},\"properties\":{\"mandatory\":false,\"notes\":false,\"addMore\":false,\"hideLabel\":false,\"controlEvent\":false,\"location\":{\"row\":1,\"column\":0}},\"id\":\"45\",\"concept\":{\"name\":\"Visit Comment\",\"uuid\":\"dda9dab3-fbb8-46e6-b65c-802bbf416c3c\",\"datatype\":\"Text\",\"conceptClass\":\"Misc\",\"conceptHandler\":null,\"units\":null,\"hiNormal\":null,\"lowNormal\":null,\"hiAbsolute\":null,\"lowAbsolute\":null,\"answers\":[],\"properties\":{\"allowDecimal\":null}},\"units\":null,\"hiNormal\":null,\"lowNormal\":null,\"hiAbsolute\":null,\"lowAbsolute\":null}]},{\"type\":\"obsGroupControl\",\"label\":{\"translationKey\":\"CP_SPEECH_THERAPY_LAST_VISIT_49\",\"type\":\"label\",\"value\":\"Speech Therapy Last Visit\",\"id\":\"49\"},\"properties\":{\"addMore\":false,\"location\":{\"row\":2,\"column\":0}},\"id\":\"49\",\"concept\":{\"name\":\"CP_Speech Therapy Last Visit\",\"uuid\":\"e18aaa73-7564-432f-9e67-848ceaf8fa12\",\"datatype\":\"N/A\",\"conceptClass\":\"ConvSet\",\"conceptHandler\":null,\"set\":true,\"setMembers\":[{\"name\":\"CP_Speech Therapy Date of Last Visit\",\"uuid\":\"5ac22caa-975c-492c-8ed0-5cdc6fb3b09c\",\"datatype\":\"Date\",\"conceptClass\":\"Misc\",\"conceptHandler\":null,\"units\":null,\"hiNormal\":null,\"lowNormal\":null,\"hiAbsolute\":null,\"lowAbsolute\":null,\"answers\":[],\"properties\":{\"allowDecimal\":null}},{\"name\":\"Visit Comment\",\"uuid\":\"dda9dab3-fbb8-46e6-b65c-802bbf416c3c\",\"datatype\":\"Text\",\"conceptClass\":\"Misc\",\"conceptHandler\":null,\"units\":null,\"hiNormal\":null,\"lowNormal\":null,\"hiAbsolute\":null,\"lowAbsolute\":null,\"answers\":[],\"properties\":{\"allowDecimal\":null}}]},\"controls\":[{\"type\":\"obsControl\",\"label\":{\"translationKey\":\"CP_SPEECH_THERAPY_DATE_OF_LAST_VISIT_47\",\"id\":\"47\",\"units\":\"\",\"type\":\"label\",\"value\":\"Date of last visit\"},\"properties\":{\"mandatory\":false,\"notes\":false,\"addMore\":false,\"hideLabel\":false,\"controlEvent\":false,\"location\":{\"row\":0,\"column\":0},\"allowFutureDates\":false},\"id\":\"47\",\"concept\":{\"name\":\"CP_Speech Therapy Date of Last Visit\",\"uuid\":\"5ac22caa-975c-492c-8ed0-5cdc6fb3b09c\",\"datatype\":\"Date\",\"conceptClass\":\"Misc\",\"conceptHandler\":null,\"units\":null,\"hiNormal\":null,\"lowNormal\":null,\"hiAbsolute\":null,\"lowAbsolute\":null,\"answers\":[],\"properties\":{\"allowDecimal\":null}},\"units\":null,\"hiNormal\":null,\"lowNormal\":null,\"hiAbsolute\":null,\"lowAbsolute\":null},{\"type\":\"obsControl\",\"label\":{\"translationKey\":\"VISIT_COMMENT_48\",\"id\":\"48\",\"units\":\"\",\"type\":\"label\",\"value\":\"Comment\"},\"properties\":{\"mandatory\":false,\"notes\":false,\"addMore\":false,\"hideLabel\":false,\"controlEvent\":false,\"location\":{\"row\":1,\"column\":0}},\"id\":\"48\",\"concept\":{\"name\":\"Visit Comment\",\"uuid\":\"dda9dab3-fbb8-46e6-b65c-802bbf416c3c\",\"datatype\":\"Text\",\"conceptClass\":\"Misc\",\"conceptHandler\":null,\"units\":null,\"hiNormal\":null,\"lowNormal\":null,\"hiAbsolute\":null,\"lowAbsolute\":null,\"answers\":[],\"properties\":{\"allowDecimal\":null}},\"units\":null,\"hiNormal\":null,\"lowNormal\":null,\"hiAbsolute\":null,\"lowAbsolute\":null}]},{\"type\":\"obsGroupControl\",\"label\":{\"translationKey\":\"CP_DENTAL_AND_ORTHO_LAST_VISIT_52\",\"type\":\"label\",\"value\":\"Dental and Ortho Last Visit\",\"id\":\"52\"},\"properties\":{\"addMore\":false,\"location\":{\"row\":3,\"column\":0}},\"id\":\"52\",\"concept\":{\"name\":\"CP_Dental and Ortho Last Visit\",\"uuid\":\"96db7bbe-ada8-4679-8e1d-1493b45ac86d\",\"datatype\":\"N/A\",\"conceptClass\":\"ConvSet\",\"conceptHandler\":null,\"set\":true,\"setMembers\":[{\"name\":\"CP_Dental and Ortho Date of last visit\",\"uuid\":\"aca655f0-fcb9-4119-9cc2-88c985727460\",\"datatype\":\"Date\",\"conceptClass\":\"Misc\",\"conceptHandler\":null,\"units\":null,\"hiNormal\":null,\"lowNormal\":null,\"hiAbsolute\":null,\"lowAbsolute\":null,\"answers\":[],\"properties\":{\"allowDecimal\":null}},{\"name\":\"Visit Comment\",\"uuid\":\"dda9dab3-fbb8-46e6-b65c-802bbf416c3c\",\"datatype\":\"Text\",\"conceptClass\":\"Misc\",\"conceptHandler\":null,\"units\":null,\"hiNormal\":null,\"lowNormal\":null,\"hiAbsolute\":null,\"lowAbsolute\":null,\"answers\":[],\"properties\":{\"allowDecimal\":null}}]},\"controls\":[{\"type\":\"obsControl\",\"label\":{\"translationKey\":\"CP_DENTAL_AND_ORTHO_DATE_OF_LAST_VISIT_50\",\"id\":\"50\",\"units\":\"\",\"type\":\"label\",\"value\":\"Date of last visit\"},\"properties\":{\"mandatory\":false,\"notes\":false,\"addMore\":false,\"hideLabel\":false,\"controlEvent\":false,\"location\":{\"row\":0,\"column\":0},\"allowFutureDates\":false},\"id\":\"50\",\"concept\":{\"name\":\"CP_Dental and Ortho Date of last visit\",\"uuid\":\"aca655f0-fcb9-4119-9cc2-88c985727460\",\"datatype\":\"Date\",\"conceptClass\":\"Misc\",\"conceptHandler\":null,\"units\":null,\"hiNormal\":null,\"lowNormal\":null,\"hiAbsolute\":null,\"lowAbsolute\":null,\"answers\":[],\"properties\":{\"allowDecimal\":null}},\"units\":null,\"hiNormal\":null,\"lowNormal\":null,\"hiAbsolute\":null,\"lowAbsolute\":null},{\"type\":\"obsControl\",\"label\":{\"translationKey\":\"VISIT_COMMENT_51\",\"id\":\"51\",\"units\":\"\",\"type\":\"label\",\"value\":\"Comment\"},\"properties\":{\"mandatory\":false,\"notes\":false,\"addMore\":false,\"hideLabel\":false,\"controlEvent\":false,\"location\":{\"row\":1,\"column\":0}},\"id\":\"51\",\"concept\":{\"name\":\"Visit Comment\",\"uuid\":\"dda9dab3-fbb8-46e6-b65c-802bbf416c3c\",\"datatype\":\"Text\",\"conceptClass\":\"Misc\",\"conceptHandler\":null,\"units\":null,\"hiNormal\":null,\"lowNormal\":null,\"hiAbsolute\":null,\"lowAbsolute\":null,\"answers\":[],\"properties\":{\"allowDecimal\":null}},\"units\":null,\"hiNormal\":null,\"lowNormal\":null,\"hiAbsolute\":null,\"lowAbsolute\":null}]},{\"type\":\"obsGroupControl\",\"label\":{\"translationKey\":\"CP_ENT_LAST_VISIT_55\",\"type\":\"label\",\"value\":\"ENT Last Visit\",\"id\":\"55\"},\"properties\":{\"addMore\":false,\"location\":{\"row\":4,\"column\":0}},\"id\":\"55\",\"concept\":{\"name\":\"CP_ENT Last Visit\",\"uuid\":\"62978bbd-9e3b-4c91-96d0-10082a11cb5c\",\"datatype\":\"N/A\",\"conceptClass\":\"ConvSet\",\"conceptHandler\":null,\"set\":true,\"setMembers\":[{\"name\":\"CP_ENT_Date of last visit\",\"uuid\":\"c39793fb-f47d-4246-9872-8ab8fba9c4da\",\"datatype\":\"Date\",\"conceptClass\":\"Misc\",\"conceptHandler\":null,\"units\":null,\"hiNormal\":null,\"lowNormal\":null,\"hiAbsolute\":null,\"lowAbsolute\":null,\"answers\":[],\"properties\":{\"allowDecimal\":null}},{\"name\":\"Visit Comment\",\"uuid\":\"dda9dab3-fbb8-46e6-b65c-802bbf416c3c\",\"datatype\":\"Text\",\"conceptClass\":\"Misc\",\"conceptHandler\":null,\"units\":null,\"hiNormal\":null,\"lowNormal\":null,\"hiAbsolute\":null,\"lowAbsolute\":null,\"answers\":[],\"properties\":{\"allowDecimal\":null}}]},\"controls\":[{\"type\":\"obsControl\",\"label\":{\"translationKey\":\"CP_ENT_DATE_OF_LAST_VISIT_53\",\"id\":\"53\",\"units\":\"\",\"type\":\"label\",\"value\":\"Date of last visit\"},\"properties\":{\"mandatory\":false,\"notes\":false,\"addMore\":false,\"hideLabel\":false,\"controlEvent\":false,\"location\":{\"row\":0,\"column\":0},\"allowFutureDates\":false},\"id\":\"53\",\"concept\":{\"name\":\"CP_ENT_Date of last visit\",\"uuid\":\"c39793fb-f47d-4246-9872-8ab8fba9c4da\",\"datatype\":\"Date\",\"conceptClass\":\"Misc\",\"conceptHandler\":null,\"units\":null,\"hiNormal\":null,\"lowNormal\":null,\"hiAbsolute\":null,\"lowAbsolute\":null,\"answers\":[],\"properties\":{\"allowDecimal\":null}},\"units\":null,\"hiNormal\":null,\"lowNormal\":null,\"hiAbsolute\":null,\"lowAbsolute\":null},{\"type\":\"obsControl\",\"label\":{\"translationKey\":\"VISIT_COMMENT_54\",\"id\":\"54\",\"units\":\"\",\"type\":\"label\",\"value\":\"Comment\"},\"properties\":{\"mandatory\":false,\"notes\":false,\"addMore\":false,\"hideLabel\":false,\"controlEvent\":false,\"location\":{\"row\":1,\"column\":0}},\"id\":\"54\",\"concept\":{\"name\":\"Visit Comment\",\"uuid\":\"dda9dab3-fbb8-46e6-b65c-802bbf416c3c\",\"datatype\":\"Text\",\"conceptClass\":\"Misc\",\"conceptHandler\":null,\"units\":null,\"hiNormal\":null,\"lowNormal\":null,\"hiAbsolute\":null,\"lowAbsolute\":null,\"answers\":[],\"properties\":{\"allowDecimal\":null}},\"units\":null,\"hiNormal\":null,\"lowNormal\":null,\"hiAbsolute\":null,\"lowAbsolute\":null}]},{\"type\":\"obsGroupControl\",\"label\":{\"translationKey\":\"CP_SURGERY_LAST_VISIT_58\",\"type\":\"label\",\"value\":\"Surgery Last Visit\",\"id\":\"58\"},\"properties\":{\"addMore\":false,\"location\":{\"row\":5,\"column\":0}},\"id\":\"58\",\"concept\":{\"name\":\"CP_Surgery Last Visit\",\"uuid\":\"11e687e0-fe9e-4a88-9e81-007cf8387402\",\"datatype\":\"N/A\",\"conceptClass\":\"ConvSet\",\"conceptHandler\":null,\"set\":true,\"setMembers\":[{\"name\":\"CP_Surgery Date of Last Visit\",\"uuid\":\"2fab475b-35c4-4adc-98ee-a794f1e77db0\",\"datatype\":\"Date\",\"conceptClass\":\"Misc\",\"conceptHandler\":null,\"units\":null,\"hiNormal\":null,\"lowNormal\":null,\"hiAbsolute\":null,\"lowAbsolute\":null,\"answers\":[],\"properties\":{\"allowDecimal\":null}},{\"name\":\"Visit Comment\",\"uuid\":\"dda9dab3-fbb8-46e6-b65c-802bbf416c3c\",\"datatype\":\"Text\",\"conceptClass\":\"Misc\",\"conceptHandler\":null,\"units\":null,\"hiNormal\":null,\"lowNormal\":null,\"hiAbsolute\":null,\"lowAbsolute\":null,\"answers\":[],\"properties\":{\"allowDecimal\":null}}]},\"controls\":[{\"type\":\"obsControl\",\"label\":{\"translationKey\":\"CP_SURGERY_DATE_OF_LAST_VISIT_56\",\"id\":\"56\",\"units\":\"\",\"type\":\"label\",\"value\":\"Date of last visit\"},\"properties\":{\"mandatory\":false,\"notes\":false,\"addMore\":false,\"hideLabel\":false,\"controlEvent\":false,\"location\":{\"row\":0,\"column\":0},\"allowFutureDates\":false},\"id\":\"56\",\"concept\":{\"name\":\"CP_Surgery Date of Last Visit\",\"uuid\":\"2fab475b-35c4-4adc-98ee-a794f1e77db0\",\"datatype\":\"Date\",\"conceptClass\":\"Misc\",\"conceptHandler\":null,\"units\":null,\"hiNormal\":null,\"lowNormal\":null,\"hiAbsolute\":null,\"lowAbsolute\":null,\"answers\":[],\"properties\":{\"allowDecimal\":null}},\"units\":null,\"hiNormal\":null,\"lowNormal\":null,\"hiAbsolute\":null,\"lowAbsolute\":null},{\"type\":\"obsControl\",\"label\":{\"translationKey\":\"VISIT_COMMENT_57\",\"id\":\"57\",\"units\":\"\",\"type\":\"label\",\"value\":\"Comment\"},\"properties\":{\"mandatory\":false,\"notes\":false,\"addMore\":false,\"hideLabel\":false,\"controlEvent\":false,\"location\":{\"row\":1,\"column\":0}},\"id\":\"57\",\"concept\":{\"name\":\"Visit Comment\",\"uuid\":\"dda9dab3-fbb8-46e6-b65c-802bbf416c3c\",\"datatype\":\"Text\",\"conceptClass\":\"Misc\",\"conceptHandler\":null,\"units\":null,\"hiNormal\":null,\"lowNormal\":null,\"hiAbsolute\":null,\"lowAbsolute\":null,\"answers\":[],\"properties\":{\"allowDecimal\":null}},\"units\":null,\"hiNormal\":null,\"lowNormal\":null,\"hiAbsolute\":null,\"lowAbsolute\":null}]}]}],\"events\":{\"onFormSave\":\"\",\"onFormInit\":\"\"},\"translationsUrl\":\"/openmrs/ws/rest/v1/bahmniie/form/translations\",\"referenceVersion\":\"13\",\"referenceFormUuid\":\"b16aaad1-7d4a-42aa-bcf1-1cc3bbc8ef5e\"}","dataType":"org.bahmni.customdatatype.datatype.FileSystemStorageDatatype","uuid":"85660e54-64e9-4fad-80f6-a08855af51f7"}]},"translations":[{"locale":"en","labels":{},"concepts":{"CP_DENTAL_AND_ORTHO_LAST_VISIT_52":"Dental and Ortho Last Visit","YEKATIT_HOSPITAL_ID_-_OPD_3":"Yekatit Hospital ID - OPD","PATIENT_NAME_2":"Patient Name","CP_DENTAL_AND_ORTHO_DATE_OF_LAST_VISIT_50":"Date of last visit","YEKATIT_CLEFT_CARE_VISIT_HISTORY_40":"Yekatit Cleft Care visit history","NUTRITION_LAST_VISIT_43":"Nutrition Last Visit","VISIT_COMMENT_42":"Comment","VISIT_COMMENT_45":"Comment","PATIENT_ID_FROM_OLD_SYSTEM_25":"Patient ID from old system","CP_SOCIAL_WORK_DATE_LAST_VISIT_44":"Date of last visit","DATE_OF_CONVERSION_TO_BAHMNI_1":"Date of Conversion to Bahmni","VISIT_COMMENT_48":"Comment","CP_ENT_DATE_OF_LAST_VISIT_53":"Date of last visit","CONVERTED_PATIENT_COMMENT_59":"Comment","CP_SURGERY_DATE_OF_LAST_VISIT_56":"Date of last visit","DATE_OF_LAST_VISIT_TO_YEKATIT_CLEFT_CARE_5":"Most recent visit to Yekatit Cleft Care Centre","CP_SOCIAL_WORK_LAST_VISIT_46":"Social Work Last Visit","CP_SPEECH_THERAPY_DATE_OF_LAST_VISIT_47":"Date of last visit","VISIT_COMMENT_51":"Comment","VISIT_COMMENT_54":"Comment","DATE_OF_ORIGINAL_PATIENT_REGISTRATION_26":"Original patient registration","CP_ENT_LAST_VISIT_55":"ENT Last Visit","VISIT_COMMENT_57":"Comment","CP_SURGERY_LAST_VISIT_58":"Surgery Last Visit","NUTRITION_DATE_OF_LAST_VISIT_41":"Date of last visit","CP_SPEECH_THERAPY_LAST_VISIT_49":"Speech Therapy Last Visit"},"formName":"Converted Patient to Bahmni","formUuid":null,"version":"14","referenceVersion":null,"referenceFormUuid":null}]}